test, diff
0, 5.7138e-08
1, 7.52918e-08
2, 7.68519e-08
3, 8.93725e-08
4, 8.26386e-05
5, 0.014936
6, 5.38957e-08
7, 0.000246762
8, 0.0673828
