id, test, cantEquipos, cantPartidos, diff
0, test1, 6, 13, 0.00000001280866
1, test-prob-2, 6, 12, 0.00000000952300
2, test-prob-1, 6, 11, 0.00000001254863
3, test2, 6, 10, 0.00000001489541
4, test_completo_10_1, 10, 45, 0.00000000538957
5, test_completo_1000_2, 1000, 749273, 0.00001493596596
6, test_completo_1000_8, 1000, 2248231, 0.00006738284039
7, test_completo_100_8, 100, 22318, 0.00000246762399
8, test_completo_100_4, 100, 12410, 0.00000082638561
