test, diff
0, 5.7138e-08
1, 7.52918e-08
2, 7.68519e-08
3, 8.93725e-08
