id, test, diff
0, test-prob-2, 5.7138e-08
1, test-prob-1, 7.52918e-08
2, test1, 7.68519e-08
3, test2, 8.93725e-08
4, test_completo_100_4, 8.26386e-05
5, test_completo_1000_2, 0.014936
6, test_completo_10_1, 5.38957e-08
7, test_completo_100_8, 0.000246762
8, test_completo_1000_8, 0.0673828
