id, test, cantEquipos, diff
0, test1, 6, 0.00000000000000
1, test-prob-2, 6, 0.00000000000000
2, test-prob-1, 6, 0.00000000000000
3, test2, 6, 0.00000000000000
4, test_completo_10_1, 10, 0.00000000000000
